{
  "total_images": 4,
  "avg_store_name_accuracy": 0.75,
  "avg_date_accuracy": 1.0,
  "avg_total_accuracy": 0.7796354166666667,
  "avg_tax_accuracy": 0.0,
  "avg_items_accuracy": 0.5475927556004974,
  "avg_price_accuracy": 0.9737654318978317,
  "avg_overall_accuracy": 0.6831922665230246
}